Virkestoff,Lav,Hoy,Enhet
Alimemazin,0,100,nmol/L
Alprazolam,0,160,nmol/L
Amfetamin,100,800,nmol/L
Amisulprid,100,1500,nmol/L
Amitriptylin,300,750,nmol/L
Aripiprazol,200,1300,nmol/L
Atomoksetin,300,4000,nmol/L
Brekspiprazol,50,330,nmol/L
Buprenorfin,2,10,nmol/L
Bupropion,1000,5000,nmol/L
Citalopram,70,350,nmol/L
Diazepam,0,3500,nmol/L
Duloksetin,30,300,nmol/L
Escitalopram,20,120,nmol/L
Eslikarbazepin,12,100,µmol/L
Fenobarbital,50,130,µmol/L
Fentanyl,0,10,nmol/L
Fenytoin,40,80,µmol/L
Fluoxetin,400,2500,nmol/L
Flupentiksol,1,15,nmol/L
Fluvoksamin,60,900,nmol/L
Gabapentin,20,120,µmol/L
Haloperidol,2,25,nmol/L
Karbamazepin,15,45,µmol/L
Kariprazin,20,150,nmol/L
Klomipramin,700,1500,nmol/L
Klonazepam,0,50,nmol/L
Klorprotixen,10,100,nmol/L
Klozapin,300,2500,nmol/L
Kodein,0,850,nmol/L
Quetiapin,50,700,nmol/L
Lamotrigin,10,50,µmol/L
Levetiracetam,30,240,µmol/L
Levomepromazin,10,300,nmol/L
Litium,0.5,1.0,mmol/L
Lurasidon,5,60,nmol/L
Metadon,600,1200,nmol/L
Metylfenidat,1000,4000,nmol/L
Mianserin,150,900,nmol/L
Mirtazapin,50,350,nmol/L
Nitrazepam,0,300,nmol/L
Nortriptylin,200,600,nmol/L
Oxazepam,0,2500,nmol/L
Okskarbazepin,12,140,µmol/L
Oksykodon,0,200,nmol/L
Olanzapin,30,200,nmol/L
Paliperidon,20,120,nmol/L
Paroxetin,40,400,nmol/L
Perfenazin,1,7,nmol/L
Pregabalin,10,35,µmol/L
Risperidon,20,120,nmol/L
Sertindol,30,200,nmol/L
Sertralin,20,250,nmol/L
Topiramat,6,30,µmol/L
Tramadol,0,3000,nmol/L
Trimipramin,100,800,nmol/L
Valproat,300,700,µmol/L
Venlafaxin,400,2000,nmol/L
Vortioksetin,20,100,nmol/L
Ziprasidon,40,300,nmol/L
Zolpidem,0,100,nmol/L
Zopiclon,0,50,nmol/L
Zuklopentixol,5,50,nmol/L
